ID,Product,Format,Info,2022-09-07,2022-09-16,2022-11-06,2022-11-15,2022-11-25,2022-11-28,2022-12-05,2022-12-12,2022-12-20,2022-12-26,2023-01-02,2023-01-09,2023-01-16,2023-01-23,2023-01-31,2023-02-06,2023-02-13,2023-02-20,2023-02-28,2023-03-06,2023-03-13,2023-03-21,2023-03-27,2023-04-04,2023-04-15,2023-04-18,2023-04-24,2023-05-01,2023-05-08,2023-05-15,2023-05-22,2023-05-29,2023-06-05,2023-06-12,2023-06-27,2023-07-03,2023-07-11,2023-07-17,2023-07-24,2023-07-31,2023-08-08,2023-08-29,2023-09-05,2023-09-11,2023-09-14,2023-09-26,2023-10-02,2023-10-11,2023-10-16,2023-10-24,2023-10-30
3028,Manzana Golden,,"Apple, raw",0.179,0.179,0.179,0.179,0.179,0.179,0.179,0.179,0.189,,,,0.182,0.182,0.182,0.182,0.182,0.182,0.182,0.182,0.182,0.182,0.182,0.182,0.182,0.189,0.189,0.189,0.189,0.189,0.189,0.189,0.209,0.209,0.209,0.209,0.209,0.209,0.209,0.209,0.209,0.209,0.209,0.209,0.209,0.209,0.209,0.199,0.199,0.199,0.199
3313,Uva blanca sin semillas,,"Grapes, raw",0.399,,0.399,0.369,0.429,0.499,0.499,0.499,0.499,0.499,0.53,0.48,0.51,0.51,0.51,0.51,0.51,0.51,0.51,0.51,0.51,0.51,0.45,0.45,0.49,0.47,0.47,0.47,0.47,0.49,0.49,0.49,0.49,0.49,,0.46,0.46,0.35,0.35,0.35,0.35,0.35,0.35,0.35,0.35,0.35,0.35,0.399,0.399,0.399,0.399
3321,Uva roja sin semillas,,"Grapes, raw",0.399,,0.399,0.369,0.429,0.429,0.429,0.429,0.499,0.499,0.499,0.48,0.48,0.48,0.48,0.48,0.48,0.48,0.48,0.48,0.48,0.48,0.48,0.48,0.48,0.46,0.46,0.46,0.46,0.48,0.48,0.48,0.48,,,0.46,0.46,0.35,0.35,0.35,0.35,0.35,0.35,0.35,0.35,0.35,0.35,0.375,0.375,0.375,0.375
3388,Calabaza cacahuete,Pieza 870 g aprox.,"Pumpkin, cooked",0.16,0.16,0.16,0.16,0.16,0.16,0.16,0.16,0.16,0.16,0.154,0.154,0.154,0.154,,0.154,0.154,0.154,0.154,0.154,0.154,0.154,0.154,0.154,0.154,0.154,0.195,0.195,0.195,0.195,0.195,,,,0.185,0.185,,0.185,0.185,0.185,0.185,0.185,0.185,0.185,0.185,0.185,0.185,0.185,0.185,0.185,0.185
3682,Pechugas enteras de pollo,,"Chicken breast, NS as to cooking method, skin not eaten",0.579,0.579,0.579,0.579,0.579,0.579,0.579,0.579,0.579,0.579,0.579,0.579,0.579,0.579,0.579,0.579,0.579,0.579,0.579,0.579,0.579,0.579,0.579,0.579,0.579,0.579,0.579,0.579,0.579,0.579,0.579,0.579,0.579,0.579,0.579,0.579,,0.579,0.579,0.579,0.579,0.579,0.579,0.579,0.579,0.579,0.579,0.579,0.579,0.579,0.579
3824,Banana,Pieza 180 g aprox.,"Banana, raw",0.125,0.125,0.139,0.139,0.139,0.139,0.139,0.139,0.139,0.139,0.134,0.134,0.134,0.145,0.145,,0.145,0.145,0.145,0.145,0.145,0.145,0.145,0.145,0.145,0.145,0.145,0.145,0.145,0.145,0.145,0.145,0.145,0.145,0.145,0.145,,0.145,0.145,0.145,0.145,0.145,0.145,0.145,0.145,0.109,0.145,0.145,0.145,0.109,0.145
3830,Aguacate,Pieza 280 g aprox.,"Avocado, raw",0.349,0.325,0.399,0.429,0.429,0.429,0.429,0.429,0.429,0.429,0.384,0.413,0.433,0.439,0.479,,0.479,0.479,0.479,0.479,0.479,0.439,0.439,0.439,0.439,0.439,0.439,0.439,0.439,0.419,0.419,0.419,0.379,0.379,0.379,0.299,,0.379,0.399,0.399,0.399,0.399,0.399,0.399,0.399,0.459,0.459,0.459,0.459,0.459,0.529
3961,Limas,400 g aprox.,"Lime juice, 100%, NS as to form",0.499,0.499,0.499,0.499,0.499,0.499,0.499,0.499,0.499,0.499,0.48,0.48,0.48,0.48,0.48,0.48,0.48,0.48,0.48,0.499,0.499,0.499,0.499,0.499,0.499,0.499,0.499,0.499,0.499,0.499,0.499,0.499,0.499,0.499,0.499,0.499,0.499,0.499,0.499,0.499,0.499,0.499,0.499,0.499,0.499,0.499,0.499,0.499,0.499,0.499,0.499
4117,Morcilla de cebolla,,Blood sausage,0.485,0.485,0.485,0.485,0.485,0.485,0.485,0.485,0.485,0.485,0.485,0.485,0.485,0.485,0.485,0.485,0.525,0.525,0.525,0.525,0.525,0.525,0.525,0.525,0.525,0.525,0.525,0.525,0.525,0.525,0.525,0.525,0.525,0.525,0.525,0.525,,0.525,0.525,0.525,0.525,0.525,0.525,0.525,0.525,0.525,0.525,0.525,0.525,0.6,0.6
4590,Lomo de cerdo trozo,Pieza 800 g aprox.,"Pork roast, loin, cooked, NS as to fat eaten",0.395,0.395,0.395,0.395,0.425,0.425,0.425,0.425,0.425,0.425,0.425,0.425,0.425,0.445,0.445,0.445,0.445,0.445,0.49,0.49,0.49,0.49,0.49,0.49,0.49,0.49,0.49,0.49,0.49,0.49,0.49,0.49,0.49,0.49,0.49,0.49,0.49,0.49,0.529,0.529,0.529,0.529,0.529,0.529,0.529,0.529,0.529,0.529,0.529,0.529,0.529
4717,Aceite de oliva virgen extra Hacendado,Garrafa 3 L,Olive oil,0.4622,0.4234,0.49,0.54,0.54,0.54,0.54,0.54,0.54,0.585,0.5584,0.5584,0.5584,0.5584,0.5584,0.5584,0.5584,0.5584,0.5584,0.5584,,0.5584,0.6,0.6,0.6,0.6,0.6,0.6,0.6,0.6367,0.6367,0.6367,0.6367,0.6367,0.6367,0.6367,,0.6734,0.6734,0.6734,0.8334,0.8334,0.8334,0.8334,0.8334,0.8334,0.8334,0.92,0.92,0.92,0.92
5002,Arroz basmati aromático Hacendado,Paquete 1 kg,"Rice, cooked, NFS",0.22,0.25,0.25,0.25,0.25,0.25,0.25,0.25,0.275,0.275,0.264,0.264,0.264,0.264,0.264,0.264,0.264,0.264,0.264,0.264,0.264,0.264,0.264,0.264,0.264,0.264,0.264,0.264,0.264,0.264,0.264,0.264,0.264,0.264,0.254,0.254,,0.254,0.254,0.254,0.254,0.254,0.254,0.254,0.254,0.254,0.254,0.254,0.254,0.254,0.254
6594,Penne integral Hacendado,Paquete 500 g,"Pasta, whole grain, cooked",0.2,0.2,0.2,0.2,0.2,0.2,0.2,0.2,0.2,0.2,0.19,0.19,0.19,0.19,0.19,0.19,0.19,0.19,0.19,0.19,0.19,0.19,0.19,0.19,0.19,0.19,0.19,0.19,0.19,,,,,,,,,,,,,,,,,,,,,,0.19
6595,Spaghetti integral Hacendado,Paquete 500 g,"Pasta, whole grain, cooked",0.2,0.2,0.2,0.2,0.2,0.2,0.2,0.2,0.2,0.2,0.19,0.19,0.19,0.19,0.19,0.19,0.19,0.19,0.19,0.19,0.19,0.19,0.19,0.19,0.19,0.19,0.19,0.19,,,,,,,,,,,,,,,,,,,,,,,0.19
7329,Soja texturizada grano fino Hacendado,Paquete 250 g,"Textured vegetable protein, dry",0.74,0.74,0.74,0.74,0.74,0.74,0.74,0.74,0.74,0.74,0.74,0.74,0.74,0.74,0.74,0.74,0.74,0.74,0.74,0.74,0.74,0.74,0.74,0.74,0.74,0.74,0.74,0.74,0.74,0.74,0.74,0.74,0.74,0.74,0.74,0.74,,0.74,0.74,0.74,0.9,0.9,0.9,0.9,0.9,0.9,0.9,0.9,0.9,0.9,0.9
9430,Quinoa Hacendado,Paquete 500 g,"Quinoa, no added fat",0.5,0.5,0.5,0.5,0.5,0.5,0.5,0.5,0.5,0.5,0.48,0.48,0.48,0.48,0.48,0.48,0.48,0.48,0.48,0.48,0.48,0.48,0.48,0.48,0.48,0.48,0.48,0.48,0.48,0.48,0.48,0.48,0.48,0.48,0.48,0.48,,0.48,0.48,0.48,0.48,0.5,0.5,0.5,0.5,0.5,0.5,0.5,0.5,0.5,0.5
13865,Alcachofa troceada Hacendado ultracongelada,,"Artichoke, frozen, cooked, no added fat",0.475,0.475,0.475,0.475,0.475,0.475,0.475,0.475,0.475,0.475,0.4575,0.4575,0.4575,0.4575,0.4575,0.4575,0.4575,0.52,0.52,0.52,0.52,0.52,0.52,0.52,0.52,0.52,0.52,0.52,0.6,0.6,0.6,0.6,0.6,0.6,0.6,0.6,0.6,0.6,0.6,0.6,0.6,0.6,0.6,0.6,0.6,0.6,0.6,0.6,0.6,0.6,0.6
16044,Tomate triturado Hacendado para freír,Bote 400 g,"Tomatoes, raw",0.125,0.125,0.175,0.175,0.175,0.175,0.175,0.175,0.175,0.175,0.175,0.175,0.175,0.175,0.175,0.175,0.175,0.175,0.175,0.175,0.175,0.175,0.175,0.175,0.175,0.175,0.175,0.175,0.175,0.175,0.175,0.175,0.175,0.175,0.175,0.175,0.175,0.175,0.175,0.175,0.175,0.175,0.175,0.175,0.175,0.175,0.175,0.175,0.1375,0.1375,0.1375
16883,Crema de cacahuete 100% Hacendado,Tarro 500g,Peanut butter,0.62,0.62,0.62,0.62,0.62,0.62,0.62,0.62,0.62,0.62,0.62,0.62,0.62,0.64,0.64,0.64,0.64,0.64,0.64,0.64,0.64,0.64,0.64,0.64,0.61,0.61,0.61,0.61,0.61,0.61,0.61,0.61,0.61,0.61,0.61,0.61,0.61,0.61,0.61,0.61,0.61,0.61,0.61,0.61,0.61,0.61,0.61,0.61,0.61,0.61,0.61
17360,Salsa de soja Hacendado,Botella 250 ml,Soy sauce,0.4779,0.54,0.54,0.54,0.54,0.54,0.54,0.54,0.54,0.54,0.54,0.54,0.58,0.58,0.58,0.58,0.58,0.58,0.58,0.58,0.58,0.58,0.58,0.58,0.58,0.58,0.58,0.58,0.58,0.58,0.58,0.58,0.58,0.58,0.58,0.58,0.58,0.58,0.58,0.58,0.58,0.58,0.58,0.58,0.58,0.58,0.58,0.58,0.58,0.58,0.58
18018,Atún claro al natural Hacendado,6 latas x 60 g,"Tuna, canned, water pack",1.1945,1.1945,1.1945,1.1945,1.2223,1.2223,1.2223,1.2223,1.2223,1.2639,1.2639,1.2639,1.2639,1.2917,1.2917,1.2917,1.2917,1.2917,1.2917,1.2917,1.2917,1.2917,1.2778,1.2778,1.25,1.25,1.25,1.25,1.25,1.25,1.25,1.25,1.25,1.25,1.25,1.25,1.25,1.25,1.25,1.25,1.25,1.25,1.25,1.25,1.25,1.2223,1.2223,1.2223,1.2223,1.2223,1.2223
20512,Yogur griego natural Hacendado,Bote 1 kg,"Yogurt, Greek, whole milk, plain",0.215,0.215,0.235,0.245,0.245,0.245,0.245,0.245,0.245,0.245,0.245,0.245,0.245,0.245,0.245,0.245,0.245,0.245,0.245,0.245,0.245,0.245,0.245,0.245,0.245,0.245,0.245,0.245,0.245,0.245,0.245,0.245,0.245,0.245,0.245,0.245,0.245,0.245,0.245,0.245,0.245,0.245,0.245,0.245,0.245,0.245,0.245,0.245,0.245,0.245,0.245
20559,Yogur griego natural Hacendado,6 ud. x 125 g,"Yogurt, Greek, whole milk, plain",0.16,0.16,0.1734,0.1934,0.1934,0.1934,0.1934,0.1934,0.1934,0.1934,0.1934,0.1934,0.1934,0.1934,0.1934,0.1934,0.1934,0.1934,0.1934,0.1934,0.1934,0.1934,0.1934,0.1934,0.1934,0.1934,0.1934,0.1934,0.1934,0.1934,0.1934,0.1934,0.1934,0.1934,0.1934,0.1934,0.1934,0.1934,0.1934,0.1934,0.2134,0.2134,0.2134,0.2134,0.2134,0.2134,0.2134,0.2134,0.2134,0.2134,0.2134
22313,Yogur natural Hacendado,6 ud. x 125 g,"Yogurt, whole milk, plain",0.1134,0.1134,0.1267,0.1267,0.1267,0.1267,0.14,0.14,0.14,0.14,0.14,0.14,0.14,0.14,0.14,,0.14,0.14,0.14,0.14,0.14,0.14,0.14,0.14,0.14,0.14,0.14,0.14,0.14,0.14,0.14,0.14,0.14,0.14,0.14,0.14,0.14,0.14,0.14,0.14,0.14,0.14,0.14,0.14,0.14,0.14,0.14,0.14,0.14,0.14,0.14
23365,Anacardo natural Hacendado,Paquete 200g,"Cashews, unroasted",1.325,1.325,1.3,1.3,1.3,1.3,1.3,1.3,1.3,1.3,1.25,1.25,1.25,1.25,1.25,1.25,1.25,1.25,1.25,1.25,1.25,1.25,1.25,1.25,1.15,1.15,1.15,1.15,1.15,1.15,1.15,1.15,1.15,1.15,1.15,1.15,,1.15,1.15,1.15,1.15,1.15,1.15,1.15,1.15,1.15,1.15,1.15,1.15,1.15,1.15
25926,Solomillo de pavo,Bandeja 600 g aprox.,"Turkey, NFS",0.79,0.79,0.79,0.79,0.79,0.79,0.82,0.82,0.82,0.82,0.82,0.82,0.82,0.82,0.82,0.82,0.82,0.82,0.82,0.82,0.82,0.82,0.82,0.82,0.82,0.82,0.82,0.82,0.82,0.82,0.82,0.77,0.77,0.82,0.82,0.82,0.79,0.79,0.79,0.79,0.79,0.79,0.79,0.79,0.79,0.79,0.79,0.79,0.79,0.79,0.79
33249,Aceitunas negras Hacendado sin hueso,Bote 350 g (150 g escurrido),"Olives, black",0.6,0.6,0.6,0.6,0.6,0.6,0.6,0.6,0.6,0.6,0.6,0.6,0.6,0.6,,0.6,0.6,0.7,0.7,0.7,0.7,0.7,0.7,0.7,0.6667,0.6667,0.6667,0.6667,0.6667,0.6667,0.6667,0.6667,0.6667,0.6667,0.6667,0.6667,0.6667,0.6667,0.6667,0.6667,0.6667,0.6667,0.6667,0.6667,0.6667,0.6667,0.6667,0.6667,0.6667,0.6667,0.6667
34193,Pipas girasol naturales Hacendado peladas,Paquete 200 g,"Sunflower seeds, plain, unsalted",0.525,0.525,0.575,0.575,0.575,0.575,0.575,0.575,0.575,0.575,0.555,0.555,0.555,0.555,0.555,0.555,0.555,0.555,0.555,0.555,0.555,0.555,0.555,0.555,0.555,0.555,0.555,0.555,0.555,,0.555,0.555,0.555,0.555,0.6,0.6,,0.6,0.6,0.6,0.6,0.6,0.6,0.6,0.6,0.6,0.6,0.6,0.6,0.6,0.6
34804,Maíz palomitas Hacendado,Paquete 250 g,"Popcorn, microwave, plain",0.3,0.3,0.34,0.34,0.34,0.34,0.34,0.34,0.34,0.34,0.328,0.328,0.328,0.328,0.328,0.328,0.328,0.328,0.328,0.328,0.328,0.328,0.328,0.328,0.328,0.328,0.328,0.328,0.328,0.328,0.328,0.328,0.328,0.328,0.328,0.328,,0.328,0.328,0.328,0.328,0.328,0.328,0.328,0.328,0.328,0.328,0.328,0.328,0.328,0.328
34865,Almendra natural Hacendado,,"Almonds, unroasted",1.225,1.225,1.225,1.225,1.225,1.225,1.225,1.225,1.225,1.18,1.18,1.18,1.18,1.18,1.18,1.18,1.18,1.15,1.15,1.15,1.15,1.15,1.15,1.1,1.1,1.1,1.1,1.1,1.1,1.1,1.1,1.1,1.1,,1.1,1.1,,1.1,1.1,1.1,1.1,1.1,1.1,1.1,1.1,1.1,1.1,1.1,1.1,1.1,1.1
61261,Brócoli Hacendado ultracongelado,,"Broccoli, frozen, cooked, no added fat",0.14,0.14,0.155,0.155,0.155,0.155,0.155,0.155,0.195,0.195,0.188,0.188,0.188,0.188,0.188,0.188,0.188,0.188,0.188,0.188,0.188,0.188,0.188,0.188,0.188,0.188,0.188,0.188,0.188,0.188,0.188,0.188,0.188,0.188,0.188,0.188,,0.188,0.188,0.188,0.188,0.188,0.188,0.188,0.188,0.188,0.188,0.188,0.188,0.188,0.188
69079,Cebollas,Malla 2kg,"Onions, cooked, as ingredient",0.995,0.0995,0.0995,0.0995,0.0995,0.0995,0.1245,0.1245,0.1245,0.1245,0.1195,0.1195,0.115,0.115,0.115,0.115,0.155,0.155,0.155,0.155,0.155,0.1995,0.1995,0.1995,0.1995,0.1995,0.1995,0.1995,0.1995,0.1495,0.1495,0.1495,0.1495,0.1495,0.1495,0.1495,,0.1395,0.1395,0.1395,0.1395,0.1395,0.1395,0.0995,0.1395,0.1395,0.1395,0.1395,0.1395,0.1395,0.1395
69089,Cebollas,Malla 1kg,"Onions, cooked, as ingredient",0.135,0.135,0.135,0.135,0.135,0.135,0.155,0.155,0.155,0.155,0.149,0.149,0.149,0.149,0.149,0.149,0.189,0.189,0.189,0.189,0.189,0.248,0.248,0.248,0.248,0.238,0.238,0.238,0.219,0.195,0.195,0.195,0.195,0.195,0.195,0.195,0.195,0.185,0.185,0.185,0.185,0.185,0.185,0.185,0.185,0.185,0.185,0.185,0.185,0.185,0.185
69153,Cebollas moradas,Malla 1kg,"Onions, cooked, as ingredient",0.149,0.149,0.149,0.149,0.169,0.169,0.169,0.169,0.169,0.169,0.163,0.163,0.163,0.163,0.163,0.163,0.163,0.163,,,0.163,0.163,0.163,0.163,0.163,0.163,0.163,0.163,0.163,0.163,0.163,0.163,0.163,0.163,0.163,0.163,0.163,0.163,0.163,0.163,0.163,0.163,0.163,0.163,0.163,0.163,0.163,0.163,0.163,0.163,0.163
69246,Medio repollo liso,,"Cabbage, cooked, as ingredient",0.14,0.14,0.159,0.159,0.159,0.159,0.18,0.18,0.18,0.18,0.173,0.173,0.173,0.173,0.173,0.173,0.173,0.184,0.184,0.184,0.184,0.184,0.184,0.184,0.184,0.184,0.184,0.184,0.184,0.184,0.184,0.184,0.184,0.184,0.184,0.184,0.184,0.184,0.184,0.184,0.184,0.184,0.184,0.184,0.184,0.184,0.184,0.194,0.194,0.194,0.194
69297,Ajos morados,Malla 250g,"Garlic, cooked",0.58,0.58,0.58,0.58,0.58,0.58,0.58,0.58,0.58,0.58,0.556,0.556,0.556,0.556,0.556,0.556,0.556,0.556,0.556,0.556,0.556,0.556,0.556,0.556,0.556,0.556,0.556,0.556,0.556,0.556,0.556,0.556,0.556,0.556,0.556,0.556,0.556,0.556,0.556,0.556,0.556,0.556,0.556,0.556,0.556,0.62,0.62,0.62,0.62,0.62,0.62
69338,Calabacín verde,Pieza 380 g aprox.,"Summer squash, yellow or green, NS as to form, cooked",0.159,0.159,0.179,0.179,0.179,0.179,0.179,0.179,0.179,0.179,0.172,0.172,0.172,0.172,0.172,0.172,0.172,0.199,0.199,0.199,0.199,0.199,0.199,0.199,0.189,0.189,0.189,0.189,0.169,0.169,0.169,0.169,0.169,0.169,0.159,0.159,0.159,0.109,0.149,0.149,0.149,0.149,0.149,0.149,0.149,0.149,0.149,0.149,0.149,0.149,0.149
69584,Pepino,Pieza 240 g aprox.,"Cucumber, raw",0.189,0.189,0.189,0.179,0.179,0.179,0.179,0.179,0.179,0.179,0.172,0.172,0.172,0.142,0.172,0.172,0.179,0.179,0.179,0.179,0.179,0.179,0.179,0.179,0.179,0.179,0.179,0.179,0.139,0.179,0.179,0.139,0.179,0.179,0.149,0.149,0.149,0.149,0.149,0.149,0.149,0.159,0.179,0.179,0.179,0.179,0.179,0.179,0.149,0.179,0.179
69586,Zanahorias,Paquete 1kg,"Carrots, raw",0.075,0.075,0.085,0.085,0.085,0.085,0.085,0.085,0.085,0.085,0.082,0.082,0.082,0.095,0.095,0.095,0.095,0.095,0.095,,0.095,0.115,0.115,0.115,0.115,0.115,0.115,0.115,0.115,0.115,0.115,0.115,0.115,0.115,0.109,0.109,0.109,0.109,0.109,0.109,0.109,0.109,0.109,0.109,0.109,0.109,0.109,0.109,0.109,0.109,0.109
69651,Champiñon pequeño,Bandeja 300 g aprox.,"Mushrooms, NS as to form, cooked",0.412,0.412,0.476,0.476,0.476,0.476,0.476,0.476,0.476,0.476,0.458,0.458,0.458,0.458,0.458,0.458,0.458,0.458,0.458,0.458,0.475,0.475,0.475,0.475,0.475,0.475,0.465,0.465,0.465,0.465,0.465,0.465,0.465,0.465,0.465,0.465,,0.465,0.465,0.465,0.465,0.465,0.465,0.465,0.465,0.465,0.465,0.465,0.465,0.465,0.493
69730,Espinacas cortadas,Paquete 300 g,"Spinach, raw",0.3834,0.3834,0.3834,0.4167,0.4167,0.4167,0.4167,0.4167,0.4167,0.4167,0.4,0.4,0.4,0.4,0.4,0.4,0.4,0.4,0.4,0.4,0.4,0.4,0.4,0.4,0.4,0.4,0.4,0.4,0.4,0.4,0.4,0.4,0.4,0.4,0.4,0.4,0.4,0.4,0.4,0.4,0.4,0.4,0.4,0.4,0.4,0.4,0.4,0.4,0.4,0.4,0.4
69937,Tomate ensalada,Pieza 220 g aprox.,"Tomatoes, raw",0.199,0.199,0.219,0.219,0.219,0.219,0.219,0.219,0.219,0.219,0.211,0.211,0.211,0.211,0.22,0.22,0.22,0.22,0.24,0.24,0.24,0.24,0.209,0.24,0.24,0.24,0.24,0.24,0.24,0.209,0.24,0.24,0.219,0.219,0.199,0.199,0.199,0.179,0.179,0.179,0.179,0.189,0.189,0.189,0.199,0.199,0.199,0.229,0.229,0.229,0.229
69971,Tomates,Malla 2 kg,"Tomatoes, raw",0.1495,0.1495,0.169,0.169,0.169,0.169,0.169,0.169,0.169,0.169,0.1625,0.1625,0.1625,0.1625,0.1625,0.1625,0.189,0.189,0.195,0.195,0.195,0.195,0.195,0.189,0.189,0.189,0.189,0.189,0.189,0.189,0.189,0.189,0.189,0.189,0.1695,0.1695,0.1695,0.1695,0.1695,0.1695,0.1695,0.1695,0.1695,0.1695,0.1695,0.1695,0.1695,0.1695,0.185,0.185,0.185
69990,Tomates cherry,Bandeja 500 g,"Tomatoes, raw",0.33,0.33,0.36,0.36,0.36,0.36,0.35,0.35,0.35,0.35,0.336,0.336,0.336,0.336,0.336,0.336,0.366,0.366,,0.366,0.366,0.366,0.366,0.366,0.366,0.366,0.366,0.366,0.366,0.366,0.366,0.366,0.366,0.366,0.366,0.366,0.366,0.366,0.366,0.366,0.366,0.366,0.366,0.366,0.366,0.39,0.39,0.39,0.39,0.39,0.39
80859,Tortillas de trigo Hacendado,Paquete 10 ud. (360 g),"Tortilla, flour",0.3612,0.3612,0.3612,0.3612,0.3612,0.375,0.375,0.375,0.375,0.375,0.375,0.375,0.375,0.375,0.375,0.375,0.375,0.375,0.375,0.375,0.375,0.375,0.375,0.375,0.3612,0.3612,0.3612,0.3612,0.3612,0.3612,0.3612,0.3612,0.3612,0.3612,0.3612,0.3612,0.3612,0.3612,0.3612,0.3612,0.3612,0.3612,0.3612,0.3612,0.3612,0.3612,0.3612,0.3612,0.3612,0.3612,0.3612
3050,Mango,Pieza 450 g aprox.,"Mango, raw",0.279,0.259,0.279,0.279,0.279,0.279,0.279,0.279,0.279,0.279,0.268,0.268,0.268,0.255,0.255,0.255,0.255,0.255,,0.27,0.27,0.27,0.27,0.27,0.27,0.259,0.259,0.259,0.259,0.259,0.259,0.259,0.259,0.259,0.259,0.259,0.259,0.259,0.259,0.259,0.259,0.259,0.259,0.259,0.259,0.279,0.279,0.279,0.279,0.319,0.319
69119,Lechuga iceberg,Pieza 1 ud.,"Lettuce, raw",0.197,0.079,0.089,0.089,0.095,0.095,0.095,0.095,0.095,0.095,0.091,0.091,0.091,0.091,0.091,0.091,0.099,0.099,,0.139,0.139,0.139,0.139,0.139,0.124,0.124,0.124,0.124,0.124,0.124,0.115,,,,,,,,,,,,,,,,,,,,0.124
26027,Lenteja cocida Hacendado,Tarro 570 g (400 g escurrido),"Lentils, from canned",0.1925,0.1925,0.1925,0.1925,0.1925,0.1925,0.1925,0.1925,0.1925,0.1925,0.1925,0.1925,0.2125,0.2125,0.225,0.225,,,,,,,,,,,,,,,,,,,,,,,,,,,,,,,,,,,0.225
5325,Lenteja Hacendado categoría extra,Paquete 1 kg,"Lentils, from dried, no added fat",0.175,0.175,0.16,0.16,0.16,0.16,0.16,0.16,0.16,0.195,0.188,0.188,0.188,0.188,0.188,0.188,0.188,0.188,0.188,0.188,0.188,0.188,0.188,0.188,0.188,0.188,0.188,0.188,0.188,0.188,0.188,0.188,0.188,0.188,0.188,0.188,0.188,0.188,0.188,0.188,0.188,0.188,0.188,0.188,0.188,0.188,0.188,0.188,0.188,0.188,0.188
80858,Hummus de garbanzos Hacendado receta clásica,Tarrina 240 g,"Hummus, plain",0.5,0.5,0.5,0.5,0.5,0.5,0.5,0.5,0.5,0.5,0.5,0.5,0.5,0.5,0.5,0.5,0.5,0.5,0.5,0.5,0.5,0.5,0.5,0.4375,0.4375,0.4375,0.4375,0.4375,0.4375,0.4375,0.4375,0.4375,0.4375,0.4375,0.4375,0.4375,,0.4375,0.4375,0.4375,0.4375,0.4375,0.4375,0.4375,0.4375,0.4375,0.4375,0.4375,0.4375,0.4375,0.4375
34164,Avellana natural Hacendado,Paquete 200 g,Hazelnuts,1.325,1.325,,,1.325,1.325,1.325,1.325,1.325,1.325,1.275,1.275,1.275,1.275,1.275,1.275,1.275,1.275,1.275,1.275,1.275,1.275,1.275,1.275,1.275,1.275,1.275,1.275,1.275,1.275,1.275,1.275,1.275,1.275,1.275,1.275,,1.275,1.275,1.275,1.275,1.325,1.325,1.325,1.325,1.325,1.325,1.325,1.325,1.325,1.325
3840,Guacamole Hacendado 95% aguacate fresco,Tarrina 500 g,"Guacamole, NFS",0.67,0.67,0.67,0.7,0.7,0.7,0.7,0.7,0.7,0.7,0.7,0.7,0.7,0.7,0.7,0.7,0.7,0.7,0.7,0.7,0.7,0.7,0.7,0.7,0.7,0.7,0.7,0.7,0.7,0.718,0.718,0.718,0.718,0.718,0.718,0.718,,0.69,0.718,0.718,0.718,0.718,0.718,0.718,0.718,0.718,0.718,0.718,0.718,0.718,0.718
3852,Guacamole Hacendado 95% aguacate fresco,Tarrina 200 g,"Guacamole, NFS",0.825,0.825,0.825,0.875,0.875,0.875,0.875,0.875,0.875,0.875,0.875,0.875,0.875,0.875,0.875,0.875,0.875,0.875,0.875,0.875,0.875,0.875,0.875,0.875,0.875,0.875,0.875,0.875,0.875,0.875,0.875,0.875,0.875,0.875,0.875,0.875,,0.725,0.875,0.875,0.875,0.875,0.875,0.875,0.875,0.875,0.875,0.875,0.875,0.875,0.875
34149,Jengibre molido Hacendado,Bote 49 g,"Ginger root, pickled",2.654,0.2654,0.2654,0.2654,0.2858,0.2858,0.2858,0.2858,0.2858,0.2858,0.3266,0.3266,0.3266,0.3266,0.3266,0.3266,0.3266,0.3266,0.3266,0.3266,0.3266,0.3266,0.3266,0.3266,0.3266,0.3266,0.3266,0.3266,0.3266,0.3266,0.3266,0.3266,0.3266,0.3266,0.3266,0.3266,,0.3266,0.3266,0.3266,0.3266,0.3266,0.3266,0.3266,0.3266,0.3266,0.3266,0.3266,0.3266,0.3266,0.3266
69326,Berenjena,Pieza 330 g aprox.,"Eggplant, cooked, as ingredient",0.165,0.199,0.219,0.219,0.215,0.215,0.215,0.215,0.215,0.215,0.207,0.207,0.207,0.207,0.207,0.207,0.207,0.259,0.259,0.259,0.199,0.229,0.229,0.229,0.209,0.209,0.199,0.199,0.199,0.199,0.189,0.189,0.189,0.189,0.179,0.179,0.169,0.169,0.169,0.169,0.169,0.169,0.169,0.169,0.179,0.179,0.179,0.179,0.179,0.179,0.179
31504,Huevos grandes L,Paquete 12 ud.,"Egg, whole, cooked, NS as to cooking method",0.2635,0.215,0.215,0.23,0.23,0.23,0.23,0.23,0.23,0.23,0.221,0.221,0.221,0.221,0.221,0.22,0.22,0.22,0.22,0.22,0.22,0.22,0.22,0.22,0.22,0.22,0.22,0.22,0.22,0.22,0.22,0.22,0.22,0.22,0.22,0.22,0.22,0.22,0.22,0.22,0.22,0.22,0.22,0.22,0.22,0.22,0.22,0.22,0.22,0.22,0.22
61023,Edamame soja verde Hacendado ultracongelada,Paquete 500 g,"Edamame, cooked",0.34,0.34,0.34,0.34,0.34,0.34,0.34,0.34,0.34,0.34,0.326,0.326,0.326,,,,,,,,,,,,,,,,,,,,,,,,,,,,,,,,,,,,,,0.326
16846,Dátiles desecados sin hueso Hacendado,Paquete 350 g,Date,0.6429,0.6429,0.6429,0.6429,0.6429,0.6429,0.6429,0.6429,0.6429,0.6429,0.6172,0.6172,0.6172,0.6172,0.6172,0.6172,0.6172,0.6172,0.6172,0.6172,0.6172,0.6172,0.6172,0.6172,0.6172,0.6172,0.6172,0.6172,0.6172,0.6172,0.6172,0.6172,0.6172,0.6172,0.6172,0.6172,0.6172,0.6286,0.6286,0.6286,0.6286,0.6286,0.6286,0.6286,0.6286,0.6286,0.6286,0.6286,0.6286,0.6286,0.6286
61162,Filetes de merluza Argentina sin piel Hacendado ultracongelados,Paquete 970 g escurrido,"Fish, NS as to type, steamed",0.6238,0.6238,0.6238,0.6238,0.6547,0.6547,0.6547,0.6547,0.6547,0.6547,0.6547,0.6547,0.6547,0.6547,0.6547,0.6547,0.6547,0.6547,0.6547,0.6547,0.6547,0.6547,0.6547,0.6547,0.6547,0.6547,0.6547,0.6547,0.6547,0.6547,0.6547,0.6547,0.6547,0.6547,0.6547,0.6547,0.6547,0.6547,0.6547,0.6547,0.6547,0.6547,0.6547,0.6547,0.6547,0.6547,0.6547,0.6547,0.6547,0.6547,0.6547
51050,Mozzarella fresca de vaca Hacendado,Paquete 250 g (125 g escurrido),"Cheese, Mozzarella, NFS",0.72,0.72,0.76,0.76,0.84,0.84,0.84,0.84,0.84,0.84,0.808,0.808,0.808,0.808,0.808,0.808,0.808,0.808,0.808,0.808,0.808,0.808,0.808,0.808,0.776,0.776,0.776,0.776,0.776,0.776,0.776,0.776,0.776,0.776,0.776,0.76,0.76,0.76,0.76,0.76,0.76,0.76,0.76,0.76,0.76,0.76,0.76,0.76,0.76,0.76,0.76
81928,Tacos de bacalao sin espinas Hacendado congelado en su punto de sal,Paquete 400 g escurrido,"Cod, cooked, NS as to cooking method",1.15,1.395,1.495,1.495,1.495,1.495,1.495,1.495,1.495,1.495,1.495,1.495,1.495,1.495,1.495,1.495,1.495,1.495,1.495,1.495,1.495,1.495,1.495,1.495,1.495,1.495,1.495,1.495,1.495,1.495,1.495,1.495,1.495,1.495,1.495,1.495,1.495,1.495,1.495,1.495,1.495,1.495,1.495,1.495,1.495,1.495,1.495,1.495,1.495,1.495,1.495
6048,Chorizo oreado,Bandeja 360 g aprox.,Chorizo,0.635,0.635,0.662,0.662,0.662,0.662,0.662,0.662,0.662,0.662,0.662,0.662,0.662,0.662,0.662,0.662,0.699,0.699,0.699,0.699,0.699,0.699,0.699,0.699,0.699,0.699,0.699,0.699,0.699,0.699,0.699,0.699,0.715,0.715,0.715,0.715,0.715,0.715,0.715,0.715,0.715,0.69,0.69,0.715,0.715,0.715,0.715,0.715,0.715,0.715,0.715
50021,Queso de cabra Hacendado rulo,Paquete 200 g,"Cheese, goat",1.0,1.0,1.1,1.1,1.1,1.1,1.175,1.175,1.175,1.175,1.13,1.13,1.13,1.13,1.13,1.13,1.13,1.13,1.13,1.13,1.13,1.13,1.13,1.13,1.13,1.13,1.13,1.13,1.13,1.13,1.13,1.13,1.13,1.13,1.13,1.13,1.13,1.13,1.13,1.2,1.2,1.2,1.2,1.2,1.2,1.2,1.2,1.2,1.2,1.2,1.2
26029,Garbanzo cocido Hacendado,Tarro 570 g (400 g escurrido),"Chickpeas, from canned, no added fat",0.1875,0.1875,0.1875,0.1875,0.1875,0.1875,0.1875,0.1875,,0.1875,0.1875,0.1875,0.1875,0.1875,0.2325,0.2325,0.2325,0.2175,0.2175,0.1975,0.1975,0.1975,0.1975,0.1975,0.1975,0.1975,0.1975,0.1975,0.1975,0.1975,0.1975,0.1975,0.1975,0.1975,0.1975,0.1975,0.1975,0.1975,0.1975,0.1975,0.1975,0.1975,0.1975,0.1975,0.1975,0.1975,0.1975,0.1775,0.1775,0.1775,0.1775
82302,Pan de molde con 55% centeno Hacendado,Paquete 16 rebanadas (720 g),"Bread, rye",,,,,,,,,,,,,,,,,,,,,,,,,,,,,,,,,,,0.2153,0.2153,0.2153,0.2153,0.2153,0.2153,0.2153,0.2153,0.2153,0.2153,0.2153,0.2153,0.2153,0.2153,0.2153,0.2153,0.2153
10379,Leche entera Hacendado,6 bricks x 1 L,"Milk, whole",,,,,,,,,,,,,,,,,,,,,,,,,,,,,,,,,,,,,,,,,0.091,0.091,0.091,0.091,0.091,0.091,0.091,0.091,0.091,0.091,0.091
69166,Patatas,Malla 3 kg,"Potato, NFS",,,,,,,,,,,,,,,,,,,,,,,,,,,,,,,,,,,,,,,,,0.1434,0.1434,0.1434,0.1434,0.1434,0.1434,0.1434,0.1434,0.1434,0.1434,0.1434
18408,Filetes de anchoa en aceite de oliva Hacendado,3 bandejas x 29 g,"Anchovy, canned",,,,,,,,,,,,,,,,,,,,,,,,,,,,,,,,,,,,,,,,,3.3909,3.3909,3.3909,3.3909,3.3909,3.3909,3.3909,3.3909,3.3909,3.3909,3.3909
2807,Tacos de vacuno añojo para guisar,Bandeja 600 g aprox.,"Beef, NS as to cut, cooked, lean and fat eaten",,,,,,,,,,,,,,,,,,,,,,,,,,,,,,,,,,,,,,,,,1.199,1.199,1.199,1.199,1.199,1.199,1.199,1.199,1.199,1.23,1.23
2868,Preparado de carne picada vacuno,Bandeja 500 g,"Ground beef, cooked",,,,,,,,,,,,,,,,,,,,,,,,,,,,,,,,,,,,,,,,,0.79,0.79,0.79,0.79,0.79,0.79,0.79,0.79,0.79,0.79,0.79
17228,Mostaza de Dijon Hacendado,Bote 200 g,Mustard,,,,,,,,,,,,,,,,,,,,,,,,,,,,,,,,,,,,,,,,,,0.625,0.625,0.625,0.625,0.625,0.625,0.625,0.625,0.625,0.625
